teaching_point,question_type,language,bloom_level,request_language,request_question_type,request_bloom_level,number_of_distractors,number_of_correct_answers,teaching_point_en,teaching_point_ar,question_number,question_text,model_answer,num_options,correct_answers,num_correct_answers,option_A,option_B,option_C,option_D,option_E,option_F,options_formatted,error_status,error_message
Explain the challenge of Human Progress Exponential growth (Learning GAP issue),TRUE_FALSE,english,CREATE,en,TRUE_FALSE,CREATE,2.0,0.0,Explain the challenge of Human Progress Exponential growth (Learning GAP issue),يشرح تحديات التعلم في ظل معدل النمو الهائل للتقدم البشري ( مسالة فجوة التعلم),1,"In the context of AFADI, is it accurate to say that Human Progress Exponential growth can lead to a learning GAP if the pace of technological advancement outstrips the training capacity of personnel?",,2.0,A,1.0,True,False,,,,,A) True | B) False,,
Explain the challenge of Human Progress Exponential growth (Learning GAP issue),TRUE_FALSE,english,CREATE,en,TRUE_FALSE,CREATE,2.0,0.0,Explain the challenge of Human Progress Exponential growth (Learning GAP issue),يشرح تحديات التعلم في ظل معدل النمو الهائل للتقدم البشري ( مسالة فجوة التعلم),2,"Does the challenge of Human Progress Exponential growth imply that in air defense operations, maintaining a balance between system upgrades and personnel training is essential to prevent operational inefficiencies?",,2.0,A,1.0,True,False,,,,,A) True | B) False,,
Explain the challenge of Human Progress Exponential growth (Learning GAP issue),TRUE_FALSE,english,CREATE,en,TRUE_FALSE,CREATE,2.0,0.0,Explain the challenge of Human Progress Exponential growth (Learning GAP issue),يشرح تحديات التعلم في ظل معدل النمو الهائل للتقدم البشري ( مسالة فجوة التعلم),3,"In AFADI, is the exponential growth of human progress considered a challenge that can lead to a mismatch between system capabilities and the skills of air defense operators?",,2.0,A,1.0,True,False,,,,,A) True | B) False,,
"Explain the concept of ""narrow mind""",MULTI_SELECT,english,ANALYZE,en,MULTI_SELECT,ANALYZE,2.0,1.0,"Explain the concept of ""narrow mind""",يشرح مفهوم العقل الضيق,1,"In the context of air defense operations, which of the following scenarios best illustrates the concept of ""narrow mind"" as it relates to decision-making under pressure?",,4.0,B,1.0,A pilot evaluates multiple flight paths to avoid enemy radar,A controller focuses only on the immediate threat and ignores other potential targets,A team reviews multiple intelligence reports before engaging,A commander considers both friendly and enemy capabilities before action,,,A) A pilot evaluates multiple flight paths to avoid enemy radar | B) A controller focuses only on the immediate threat and ignores other potential targets | C) A team reviews multiple intelligence reports before engaging | D) A commander considers both friendly and enemy capabilities before action,,
"Explain the concept of ""narrow mind""",MULTI_SELECT,english,ANALYZE,en,MULTI_SELECT,ANALYZE,2.0,1.0,"Explain the concept of ""narrow mind""",يشرح مفهوم العقل الضيق,2,"Which of the following best describes the impact of a ""narrow mind"" in air defense coordination?",,4.0,C,1.0,Enhances response time through focused attention,Encourages creative problem-solving,Limits the ability to adapt to evolving threats,Increases the effectiveness of multi-layered defense systems,,,A) Enhances response time through focused attention | B) Encourages creative problem-solving | C) Limits the ability to adapt to evolving threats | D) Increases the effectiveness of multi-layered defense systems,,
"Explain the concept of ""narrow mind""",MULTI_SELECT,english,ANALYZE,en,MULTI_SELECT,ANALYZE,2.0,1.0,"Explain the concept of ""narrow mind""",يشرح مفهوم العقل الضيق,3,"How might a ""narrow mind"" affect the training and readiness of AFADI personnel in a multi-threat environment?",,4.0,B,1.0,It promotes a comprehensive understanding of all threats,It restricts the ability to think critically and innovatively,It ensures strict adherence to established protocols,It fosters a culture of open communication and collaboration,,,A) It promotes a comprehensive understanding of all threats | B) It restricts the ability to think critically and innovatively | C) It ensures strict adherence to established protocols | D) It fosters a culture of open communication and collaboration,,
Describe military maps characteristics,MULTI_SELECT,english,ANALYZE,en,MULTI_SELECT,ANALYZE,4.0,1.0,Describe military maps characteristics,يصف خصائص الخرائط العسكرية,1,Which of the following characteristics of military maps are most critical for air defense operations in AFADI scenarios?,,5.0,"A, B, D, E",4.0,Contour lines for terrain elevation,Magnetic north orientation,Symbols for friendly and enemy forces,Scale representation of land features,Grid reference system for artillery coordination,,A) Contour lines for terrain elevation | B) Magnetic north orientation | C) Symbols for friendly and enemy forces | D) Scale representation of land features | E) Grid reference system for artillery coordination,,
Describe military maps characteristics,MULTI_SELECT,english,ANALYZE,en,MULTI_SELECT,ANALYZE,4.0,1.0,Describe military maps characteristics,يصف خصائص الخرائط العسكرية,2,"In the context of air defense operations, how do military maps differ from standard topographic maps in terms of their characteristics?",,5.0,"A, B, D",3.0,They use a different projection system for accuracy,They include symbols for aircraft movement patterns,They are always in color for better visibility,They emphasize airfield locations and radar coverage,They provide more detailed information about weather patterns,,A) They use a different projection system for accuracy | B) They include symbols for aircraft movement patterns | C) They are always in color for better visibility | D) They emphasize airfield locations and radar coverage | E) They provide more detailed information about weather patterns,,
Describe military maps characteristics,MULTI_SELECT,english,ANALYZE,en,MULTI_SELECT,ANALYZE,4.0,1.0,Describe military maps characteristics,يصف خصائص الخرائط العسكرية,3,"When analyzing military map characteristics for air defense planning, which of the following are essential features for effective situational awareness?",,5.0,"A, C, E",3.0,Elevation data for missile trajectories,Time zones for coordination across regions,Airspace classification layers,Hydrography for amphibious operations,Communication relay points for command and control,,A) Elevation data for missile trajectories | B) Time zones for coordination across regions | C) Airspace classification layers | D) Hydrography for amphibious operations | E) Communication relay points for command and control,,
Identify the sources of LOAC,TRUE_FALSE,english,UNDERSTAND,en,TRUE_FALSE,UNDERSTAND,3.0,0.0,Identify the sources of LOAC,يتعرف على مصادر قانون النزاعات المسلحة,1,"In the context of Air Force Defense and Institute (AFADI), is it true that the Law of Armed Conflict (LOAC) is derived from international treaties and customary law?",,2.0,A,1.0,True,False,,,,,A) True | B) False,,
Identify the sources of LOAC,TRUE_FALSE,english,UNDERSTAND,en,TRUE_FALSE,UNDERSTAND,3.0,0.0,Identify the sources of LOAC,يتعرف على مصادر قانون النزاعات المسلحة,2,"In AFADI operations, does the concept of proportionality in LOAC require that the anticipated military advantage from an attack must not be excessive in relation to the potential civilian harm?",,2.0,A,1.0,True,False,,,,,A) True | B) False,,
Identify the sources of LOAC,TRUE_FALSE,english,UNDERSTAND,en,TRUE_FALSE,UNDERSTAND,3.0,0.0,Identify the sources of LOAC,يتعرف على مصادر قانون النزاعات المسلحة,3,"In AFADI air defense operations, is it accurate to say that LOAC applies only to combatants and not to non-combatants?",,2.0,B,1.0,True,False,,,,,A) True | B) False,,
Describe AFAD organization structure,TRUE_FALSE_JUSTIFICATION,english,EVALUATE,en,TRUE_FALSE_JUSTIFICATION,EVALUATE,3.0,0.0,Describe AFAD organization structure,يصف الهيكل التنظيمي للقوات الجوية والدفاع الجوي,1,The AFADI organization structure is designed to integrate air defense operations across multiple branches of the military under a single unified command.,"False. The AFADI does not operate as a single unified command across all branches; it functions as a specialized institution focused on air defense training and doctrine, not a unified command structure.",2.0,B,1.0,True,False,,,,,A) True | B) False,,
Describe AFAD organization structure,TRUE_FALSE_JUSTIFICATION,english,EVALUATE,en,TRUE_FALSE_JUSTIFICATION,EVALUATE,3.0,0.0,Describe AFAD organization structure,يصف الهيكل التنظيمي للقوات الجوية والدفاع الجوي,2,The AFADI's structure is solely responsible for training air defense personnel and does not include operational or strategic planning roles.,"True. The primary role of AFADI is educational and doctrinal, focusing on training rather than operational or strategic command functions.",2.0,A,1.0,True,False,,,,,A) True | B) False,,
Describe AFAD organization structure,TRUE_FALSE_JUSTIFICATION,english,EVALUATE,en,TRUE_FALSE_JUSTIFICATION,EVALUATE,3.0,0.0,Describe AFAD organization structure,يصف الهيكل التنظيمي للقوات الجوية والدفاع الجوي,3,"The AFADI's structure is similar to a traditional military branch, with its own command, logistics, and training divisions.","True. The AFADI is structured as an independent entity with its own command structure, logistics, and training divisions, mirroring the organizational framework of a military branch.",2.0,A,1.0,True,False,,,,,A) True | B) False,,
يصف قدرات وأصول القوات الجوية والدفاع الجوي,MULTICHOICE,arabic,CREATE,ar,MULTICHOICE,CREATE,5.0,0.0,Describe AFAD capabilities and assets,يصف قدرات وأصول القوات الجوية والدفاع الجوي,1,ما هو العامل الرئيسي الذي يحدد قدرات القوات الجوية والدفاع الجوي في إطار توجيهات AFADI؟,,6.0,B,1.0,عدد الطائرات المتاحة,الكفاءة في تحليل البيانات الجوية,القدرة على تنفيذ العمليات البرمائية,قدرة القادة على اتخاذ القرارات في الميدان,مستوى التدريبات البرمجية,القدرة على الاتصالات الفعالة خلال العمليات,A) عدد الطائرات المتاحة | B) الكفاءة في تحليل البيانات الجوية | C) القدرة على تنفيذ العمليات البرمائية | D) قدرة القادة على اتخاذ القرارات في الميدان | E) مستوى التدريبات البرمجية | F) القدرة على الاتصالات الفعالة خلال العمليات,,
يصف قدرات وأصول القوات الجوية والدفاع الجوي,MULTICHOICE,arabic,CREATE,ar,MULTICHOICE,CREATE,5.0,0.0,Describe AFAD capabilities and assets,يصف قدرات وأصول القوات الجوية والدفاع الجوي,2,ما هو الأسلوب الذي يمكن من خلاله تطوير قدرات الدفاع الجوي وفقًا لأهداف AFADI؟,,6.0,B,1.0,تقليل عدد الطواقم الإدارية,تعزيز الفهم العميق للمفاهيم الاستراتيجية,التركيز على العمليات البرمائية فقط,تقليل التدريبات الجوية,تركيز الموارد على الأسلحة التقليدية فقط,تجاهل التحديات الجوية الحديثة,A) تقليل عدد الطواقم الإدارية | B) تعزيز الفهم العميق للمفاهيم الاستراتيجية | C) التركيز على العمليات البرمائية فقط | D) تقليل التدريبات الجوية | E) تركيز الموارد على الأسلحة التقليدية فقط | F) تجاهل التحديات الجوية الحديثة,,
يصف قدرات وأصول القوات الجوية والدفاع الجوي,MULTICHOICE,arabic,CREATE,ar,MULTICHOICE,CREATE,5.0,0.0,Describe AFAD capabilities and assets,يصف قدرات وأصول القوات الجوية والدفاع الجوي,3,ما الذي يُعتبر من الأسس الأساسية لتحديد قدرات القوات الجوية في سياق الدفاع الجوي وفقًا لأهداف AFADI؟,,6.0,C,1.0,عدد الطائرات المُسجّلة,التزام القادة بالأنظمة التقليدية فقط,القدرة على تحليل التهديدات الجوية واتخاذ القرارات الفورية,تقليل الموارد المُخصصة للتدريب,التركيز على العمليات البرمائية فقط,تجاهل المخاطر الجوية المتزايدة,A) عدد الطائرات المُسجّلة | B) التزام القادة بالأنظمة التقليدية فقط | C) القدرة على تحليل التهديدات الجوية واتخاذ القرارات الفورية | D) تقليل الموارد المُخصصة للتدريب | E) التركيز على العمليات البرمائية فقط | F) تجاهل المخاطر الجوية المتزايدة,,
Explain command authorities.,MULTI_SELECT,english,CREATE,en,MULTI_SELECT,CREATE,3.0,1.0,Explain command authorities.,يشرح سلطات القيادة والسيطرة,1,Which of the following best represents the role of command authorities in an air defense operation under AFADI?,,4.0,B,1.0,Providing logistical support to allied forces,Exerting control over air defense assets and operations,Conducting independent air strikes on enemy positions,Managing civil aviation traffic in the operational area,,,A) Providing logistical support to allied forces | B) Exerting control over air defense assets and operations | C) Conducting independent air strikes on enemy positions | D) Managing civil aviation traffic in the operational area,,
Explain command authorities.,MULTI_SELECT,english,CREATE,en,MULTI_SELECT,CREATE,3.0,1.0,Explain command authorities.,يشرح سلطات القيادة والسيطرة,2,Which of the following scenarios best illustrates the application of command authorities in an air defense context?,,4.0,B,1.0,A pilot independently deciding to engage an enemy target,A general issuing orders to a radar unit to track and identify unknown aircraft,A technician maintaining communication systems without supervision,A pilot conducting a solo training mission,,,A) A pilot independently deciding to engage an enemy target | B) A general issuing orders to a radar unit to track and identify unknown aircraft | C) A technician maintaining communication systems without supervision | D) A pilot conducting a solo training mission,,
Explain command authorities.,MULTI_SELECT,english,CREATE,en,MULTI_SELECT,CREATE,3.0,1.0,Explain command authorities.,يشرح سلطات القيادة والسيطرة,3,Which of the following statements accurately reflects the importance of command authorities in air defense?,,4.0,C,1.0,Command authorities are only relevant in joint operations,Command authorities ensure that all air defense actions are autonomously decided,Command authorities provide the legal and operational framework for controlling air defense systems,Command authorities are not necessary for air defense planning,,,A) Command authorities are only relevant in joint operations | B) Command authorities ensure that all air defense actions are autonomously decided | C) Command authorities provide the legal and operational framework for controlling air defense systems | D) Command authorities are not necessary for air defense planning,,
,,,,ar,TRUE_FALSE_JUSTIFICATION,ANALYZE,,,Discuss TACS characteristics,يناقش خصائص أنظمة السيطرة الجوية على عمليات المسرح,0,ERROR_RESPONSE,,,,,,,,,,,,500.0,"{""detail"":""Question generation failed: name 'create_fallback_question' is not defined""}"
Demonstrate the UAE AFAD Counterair capabilities,TRUE_FALSE_JUSTIFICATION,english,EVALUATE,en,TRUE_FALSE_JUSTIFICATION,EVALUATE,5.0,0.0,Demonstrate the UAE AFAD Counterair capabilities,يوضح قدرات العمليات الجوية المضادة بالقوات الجوية والدفاع الجوي,1,The UAE Air Force Air Defense (AFAD) is capable of detecting and engaging aerial threats within its airspace using integrated air defense systems.,"The UAE AFAD is equipped with advanced radar, surveillance, and missile systems that enable it to detect and engage aerial threats effectively, demonstrating its counterair capabilities.",2.0,A,1.0,True,False,,,,,A) True | B) False,,
Demonstrate the UAE AFAD Counterair capabilities,TRUE_FALSE_JUSTIFICATION,english,EVALUATE,en,TRUE_FALSE_JUSTIFICATION,EVALUATE,5.0,0.0,Demonstrate the UAE AFAD Counterair capabilities,يوضح قدرات العمليات الجوية المضادة بالقوات الجوية والدفاع الجوي,2,The UAE AFAD lacks the ability to coordinate with coalition air defense networks for joint threat assessment.,"The UAE AFAD is integrated into regional and coalition air defense networks, allowing for shared situational awareness and coordinated responses to aerial threats.",2.0,B,1.0,True,False,,,,,A) True | B) False,,
Demonstrate the UAE AFAD Counterair capabilities,TRUE_FALSE_JUSTIFICATION,english,EVALUATE,en,TRUE_FALSE_JUSTIFICATION,EVALUATE,5.0,0.0,Demonstrate the UAE AFAD Counterair capabilities,يوضح قدرات العمليات الجوية المضادة بالقوات الجوية والدفاع الجوي,3,The UAE AFAD's counterair operations are limited to the airspace of the UAE only.,"While the UAE AFAD focuses on national airspace, it also participates in regional and international operations, indicating its counterair capabilities extend beyond national borders.",2.0,B,1.0,True,False,,,,,A) True | B) False,,
Describe C2 structure in AFAD AMD.,TRUE_FALSE_JUSTIFICATION,english,CREATE,en,TRUE_FALSE_JUSTIFICATION,CREATE,2.0,0.0,Describe C2 structure in AFAD AMD.,يصف الهيكل التنظيمي للقيادة والسيطرة في الدفاع الجوي والصاروخي بالقوات الجوية والدفاع الجوي,1,"In AFADI, the C2 structure in Air Mission Defense (AMD) ensures centralized control for all air defense operations.",False. The C2 structure in AFADI AMD is not purely centralized; it often involves a hierarchical and decentralized command structure to enable flexible and responsive air defense operations.,2.0,B,1.0,True,False,,,,,A) True | B) False,,
Describe C2 structure in AFAD AMD.,TRUE_FALSE_JUSTIFICATION,english,CREATE,en,TRUE_FALSE_JUSTIFICATION,CREATE,2.0,0.0,Describe C2 structure in AFAD AMD.,يصف الهيكل التنظيمي للقيادة والسيطرة في الدفاع الجوي والصاروخي بالقوات الجوية والدفاع الجوي,2,The C2 structure in AFADI AMD is designed to allow real-time data sharing and decision-making across different echelons.,"True. The C2 structure in AFADI AMD is specifically designed to support real-time data sharing and decision-making, which is critical for effective air defense coordination and response.",2.0,A,1.0,True,False,,,,,A) True | B) False,,
Describe C2 structure in AFAD AMD.,TRUE_FALSE_JUSTIFICATION,english,CREATE,en,TRUE_FALSE_JUSTIFICATION,CREATE,2.0,0.0,Describe C2 structure in AFAD AMD.,يصف الهيكل التنظيمي للقيادة والسيطرة في الدفاع الجوي والصاروخي بالقوات الجوية والدفاع الجوي,3,"In AFADI, the C2 structure is independent of the tactical operations center.","False. The C2 structure in AFADI AMD is integrated with the tactical operations center to ensure seamless command, control, and coordination during air defense missions.",2.0,B,1.0,True,False,,,,,A) True | B) False,,
Define AMD C2 relationships in AFAD.,MULTI_SELECT,english,REMEMBER,en,MULTI_SELECT,REMEMBER,4.0,1.0,Define AMD C2 relationships in AFAD.,يعرف علاقات القيادة والسيطرة في الدفاع الجوي والصاروخي بالقوات الجوية والدفاع الجوي,1,What is the primary purpose of AMD C2 relationships in AFADI?,,5.0,B,1.0,To manage air traffic control independently of defense operations,To coordinate and direct air defense operations effectively,To replace all ground-based radar systems,To eliminate the need for communication between units,To focus solely on electronic warfare,,A) To manage air traffic control independently of defense operations | B) To coordinate and direct air defense operations effectively | C) To replace all ground-based radar systems | D) To eliminate the need for communication between units | E) To focus solely on electronic warfare,,
Define AMD C2 relationships in AFAD.,MULTI_SELECT,english,REMEMBER,en,MULTI_SELECT,REMEMBER,4.0,1.0,Define AMD C2 relationships in AFAD.,يعرف علاقات القيادة والسيطرة في الدفاع الجوي والصاروخي بالقوات الجوية والدفاع الجوي,2,Which of the following best describes the role of command and control (C2) in Air Force Air Defense (AMD)?,,5.0,B,1.0,It is solely responsible for pilot training,It refers to the structured communication and decision-making framework for defense operations,It is the process of maintaining aircraft fuel levels,It focuses on air traffic management,It is the technical maintenance of radar systems,,A) It is solely responsible for pilot training | B) It refers to the structured communication and decision-making framework for defense operations | C) It is the process of maintaining aircraft fuel levels | D) It focuses on air traffic management | E) It is the technical maintenance of radar systems,,
Define AMD C2 relationships in AFAD.,MULTI_SELECT,english,REMEMBER,en,MULTI_SELECT,REMEMBER,4.0,1.0,Define AMD C2 relationships in AFAD.,يعرف علاقات القيادة والسيطرة في الدفاع الجوي والصاروخي بالقوات الجوية والدفاع الجوي,3,"In the context of AFADI, what does AMD C2 stand for?",,5.0,C,1.0,Air Defense Management Command,Airspace Management Defense Command,Air Defense Command and Control,Aircraft Deployment Command,Air Force Command and Coordination,,A) Air Defense Management Command | B) Airspace Management Defense Command | C) Air Defense Command and Control | D) Aircraft Deployment Command | E) Air Force Command and Coordination,,
يعرف مسؤوليات القيادة والسيطرة في الدفاع الجوي والصاروخي بالقوات الجوية والدفاع الجوي,MULTI_SELECT,arabic,ANALYZE,ar,MULTI_SELECT,ANALYZE,5.0,4.0,Define AMD C2 responsibilities in AFAD.,يعرف مسؤوليات القيادة والسيطرة في الدفاع الجوي والصاروخي بالقوات الجوية والدفاع الجوي,1,"ما هي الوظيفة الأساسية لمسؤولية ""القيادة والسيطرة"" في أنظمة الدفاع الجوي والصاروخي بالقوات الجوية والدفاع الجوي؟",,6.0,"B, E, I",3.0,تنظيم العمليات البرية,تحديد وتوجيه وسائط القتال الجوي,إعداد التقارير الإدارية اليومية,متابعة المخزونات العسكرية,توجيه الصواريخ الدفاعية حسب الأهداف المُعلنة,تنظيم الفرق الطبية,A) تنظيم العمليات البرية | B) تحديد وتوجيه وسائط القتال الجوي | C) إعداد التقارير الإدارية اليومية | D) متابعة المخزونات العسكرية | E) توجيه الصواريخ الدفاعية حسب الأهداف المُعلنة | F) تنظيم الفرق الطبية,,
يعرف مسؤوليات القيادة والسيطرة في الدفاع الجوي والصاروخي بالقوات الجوية والدفاع الجوي,MULTI_SELECT,arabic,ANALYZE,ar,MULTI_SELECT,ANALYZE,5.0,4.0,Define AMD C2 responsibilities in AFAD.,يعرف مسؤوليات القيادة والسيطرة في الدفاع الجوي والصاروخي بالقوات الجوية والدفاع الجوي,2,"ما هي الإجراءات التي يجب أن يقوم بها قائد القاعدة الجوية في إطار مسؤولية ""القيادة والسيطرة""؟",,6.0,"A, D, F",3.0,تحديد مواقع الأعداء بشكل دوري,تعزيز المعدات البرية فقط,توجيه الطائرات المُسيرة للاستطلاع,مراقبة الاتصالات الجوية وتحديد الأهداف,ترتيب المخزونات الغذائية,توجيه الصواريخ الدفاعية حسب الأهداف المُعلنة,A) تحديد مواقع الأعداء بشكل دوري | B) تعزيز المعدات البرية فقط | C) توجيه الطائرات المُسيرة للاستطلاع | D) مراقبة الاتصالات الجوية وتحديد الأهداف | E) ترتيب المخزونات الغذائية | F) توجيه الصواريخ الدفاعية حسب الأهداف المُعلنة,,
يعرف مسؤوليات القيادة والسيطرة في الدفاع الجوي والصاروخي بالقوات الجوية والدفاع الجوي,MULTI_SELECT,arabic,ANALYZE,ar,MULTI_SELECT,ANALYZE,5.0,4.0,Define AMD C2 responsibilities in AFAD.,يعرف مسؤوليات القيادة والسيطرة في الدفاع الجوي والصاروخي بالقوات الجوية والدفاع الجوي,3,"ما هي الآليات التي تُعتبر جزءًا من مسؤولية ""القيادة والسيطرة"" في أنظمة الدفاع الجوي والصاروخي؟",,6.0,"C, D, F",3.0,توجيه الطائرات المُسيرة للاستطلاع,إدارة المخزونات الغذائية,تحديد الأهداف الجوية وتحديد أولويات الاستجابة,توجيه الصواريخ الدفاعية حسب الأهداف المُعلنة,تنظيم الفرق الطبية,مراقبة الاتصالات الجوية وتحديد الأهداف,A) توجيه الطائرات المُسيرة للاستطلاع | B) إدارة المخزونات الغذائية | C) تحديد الأهداف الجوية وتحديد أولويات الاستجابة | D) توجيه الصواريخ الدفاعية حسب الأهداف المُعلنة | E) تنظيم الفرق الطبية | F) مراقبة الاتصالات الجوية وتحديد الأهداف,,
Explain C2 procedures in AMD.,MULTI_SELECT,english,EVALUATE,en,MULTI_SELECT,EVALUATE,2.0,1.0,Explain C2 procedures in AMD.,يشرح إجراءات القيادة والسيطرة في الدفاع الجوي والصاروخي بالقوات الجوية والدفاع الجوي,1,"In the context of Air Force Defense and Institute (AFADI), which of the following best describes the primary purpose of C2 procedures in Air and Missile Defense (AMD)?",,4.0,B,1.0,To ensure all personnel have access to the latest weather reports,To establish a clear chain of command and decision-making authority during air threat scenarios,To manage the logistics of aircraft fuel and maintenance,To coordinate with international allies for joint training exercises,,,A) To ensure all personnel have access to the latest weather reports | B) To establish a clear chain of command and decision-making authority during air threat scenarios | C) To manage the logistics of aircraft fuel and maintenance | D) To coordinate with international allies for joint training exercises,,
Explain C2 procedures in AMD.,MULTI_SELECT,english,EVALUATE,en,MULTI_SELECT,EVALUATE,2.0,1.0,Explain C2 procedures in AMD.,يشرح إجراءات القيادة والسيطرة في الدفاع الجوي والصاروخي بالقوات الجوية والدفاع الجوي,2,"When evaluating C2 procedures in AMD, which of the following is most critical for ensuring effective command and control during a real-time airborne threat?",,4.0,B,1.0,The availability of recreational facilities for air defense personnel,The clarity and efficiency of communication protocols and decision-making pathways,The number of aircraft on standby at the airfield,The frequency of missile system maintenance checks,,,A) The availability of recreational facilities for air defense personnel | B) The clarity and efficiency of communication protocols and decision-making pathways | C) The number of aircraft on standby at the airfield | D) The frequency of missile system maintenance checks,,
Explain C2 procedures in AMD.,MULTI_SELECT,english,EVALUATE,en,MULTI_SELECT,EVALUATE,2.0,1.0,Explain C2 procedures in AMD.,يشرح إجراءات القيادة والسيطرة في الدفاع الجوي والصاروخي بالقوات الجوية والدفاع الجوي,3,Which of the following scenarios best illustrates the importance of properly structured C2 procedures in AFADI’s AMD framework?,,4.0,C,1.0,A pilot chooses the fastest route to a target without consulting the command center,A radar operator fails to report an unidentified aircraft due to a communication error,A commander makes a rapid decision based on real-time data from multiple sources,A logistics officer schedules supply drops without considering enemy activity,,,A) A pilot chooses the fastest route to a target without consulting the command center | B) A radar operator fails to report an unidentified aircraft due to a communication error | C) A commander makes a rapid decision based on real-time data from multiple sources | D) A logistics officer schedules supply drops without considering enemy activity,,
يصنف عناصر خطة العمليات الجوية المشتركة,MULTI_SELECT,arabic,EVALUATE,ar,MULTI_SELECT,EVALUATE,5.0,1.0,Classify JAOP elements.,يصنف عناصر خطة العمليات الجوية المشتركة,1,ما هي العناصر الأساسية التي يجب أن تُصنَّف ضمن خطة العمليات الجوية المشتركة وفقًا لـ AFADI؟,,6.0,C,1.0,التخطيط للاستجابة للأزمات فقط,تحديد الأهداف الدفاعية والجوية فقط,توزيع المهام بين الأسلحة المتخصصة، والتنسيق بين القوات الجوية والبرية والبحرية,تحديد مصادر التمويل والدعم المالي,تطوير خطط الطوارئ فقط,تحديد أماكن التجمعات السكنية,A) التخطيط للاستجابة للأزمات فقط | B) تحديد الأهداف الدفاعية والجوية فقط | C) توزيع المهام بين الأسلحة المتخصصة، والتنسيق بين القوات الجوية والبرية والبحرية | D) تحديد مصادر التمويل والدعم المالي | E) تطوير خطط الطوارئ فقط | F) تحديد أماكن التجمعات السكنية,,
يصنف عناصر خطة العمليات الجوية المشتركة,MULTI_SELECT,arabic,EVALUATE,ar,MULTI_SELECT,EVALUATE,5.0,1.0,Classify JAOP elements.,يصنف عناصر خطة العمليات الجوية المشتركة,2,أي من العوامل التالية لا يُعتبر من عناصر تصنيف خطة العمليات الجوية المشتركة وفقًا لـ AFADI؟,,6.0,C,1.0,تحديد المهام لكل قوة فرعية,تقييم الظروف الجوية المحيطة,توزيع الأسلحة والقوات بشكل عشوائي,تحديد الأولويات الإستراتيجية للعمليات,تحديد نقاط التجمعات الجوية,تحليل تهديدات العدو الجوي,A) تحديد المهام لكل قوة فرعية | B) تقييم الظروف الجوية المحيطة | C) توزيع الأسلحة والقوات بشكل عشوائي | D) تحديد الأولويات الإستراتيجية للعمليات | E) تحديد نقاط التجمعات الجوية | F) تحليل تهديدات العدو الجوي,,
يصنف عناصر خطة العمليات الجوية المشتركة,MULTI_SELECT,arabic,EVALUATE,ar,MULTI_SELECT,EVALUATE,5.0,1.0,Classify JAOP elements.,يصنف عناصر خطة العمليات الجوية المشتركة,3,ما هي الميزة الأساسية لتصنيف عناصر خطة العمليات الجوية المشتركة بشكل دقيق وفقًا لـ AFADI؟,,6.0,B,1.0,تقليل التكاليف الإدارية,تعزيز القدرة على التفاعل الفوري والمستهدف في العمليات الجوية,تقليل عدد الضباط المرتبطين بالخطة,تسهيل عمليات التدريبات البرية فقط,تقليل عدد الأسلحة المستخدمة,زيادة عدد الطائرات في الخدمة,A) تقليل التكاليف الإدارية | B) تعزيز القدرة على التفاعل الفوري والمستهدف في العمليات الجوية | C) تقليل عدد الضباط المرتبطين بالخطة | D) تسهيل عمليات التدريبات البرية فقط | E) تقليل عدد الأسلحة المستخدمة | F) زيادة عدد الطائرات في الخدمة,,
Identify Air Defence Plan (ADP).,MULTI_SELECT,english,REMEMBER,en,MULTI_SELECT,REMEMBER,4.0,3.0,Identify Air Defence Plan (ADP).,يتعرف على خطة الدفاع الجوي,1,Which of the following are components of an Air Defence Plan (ADP) as used by the Air Force Defense and Institute (AFADI)?,,6.0,"A, C, D",3.0,Force deployment and positioning,Communication protocols with NATO,Airspace control procedures,Target identification and engagement criteria,Civilian evacuation plans,Joint task force command structure,A) Force deployment and positioning | B) Communication protocols with NATO | C) Airspace control procedures | D) Target identification and engagement criteria | E) Civilian evacuation plans | F) Joint task force command structure,,
Identify Air Defence Plan (ADP).,MULTI_SELECT,english,REMEMBER,en,MULTI_SELECT,REMEMBER,4.0,3.0,Identify Air Defence Plan (ADP).,يتعرف على خطة الدفاع الجوي,2,Which of the following are key objectives of an Air Defence Plan (ADP) in the context of AFADI operations?,,6.0,"A, D, G",3.0,Ensure air superiority for friendly forces,Minimize collateral damage during strikes,Establish controlled air traffic zones,Protect critical infrastructure from aerial threats,Coordinate with naval forces for amphibious landings,Provide medical evacuation support,A) Ensure air superiority for friendly forces | B) Minimize collateral damage during strikes | C) Establish controlled air traffic zones | D) Protect critical infrastructure from aerial threats | E) Coordinate with naval forces for amphibious landings | F) Provide medical evacuation support,,
Identify Air Defence Plan (ADP).,MULTI_SELECT,english,REMEMBER,en,MULTI_SELECT,REMEMBER,4.0,3.0,Identify Air Defence Plan (ADP).,يتعرف على خطة الدفاع الجوي,3,Which of the following are elements typically included in an Air Defence Plan (ADP) for AFADI?,,6.0,"A, C, E",3.0,Rules of Engagement (ROE),Friendly forces identification procedures,Air defense artillery battery locations,Training schedules for ground troops,Airborne early warning aircraft deployment,Logistics supply chain routes,A) Rules of Engagement (ROE) | B) Friendly forces identification procedures | C) Air defense artillery battery locations | D) Training schedules for ground troops | E) Airborne early warning aircraft deployment | F) Logistics supply chain routes,,
يتعرف على خطة السيطرة على المجال الجوي,MULTICHOICE,arabic,CREATE,ar,MULTICHOICE,CREATE,5.0,0.0,Identify Airspace Coordination Plan (ACP).,يتعرف على خطة السيطرة على المجال الجوي,1,ما هو الهدف الرئيسي من خطة السيطرة على المجال الجوي في إطار AFADI؟,,6.0,B,1.0,تنظيم حركة الطيران في المناطق المدنية,ضمان سلامة الأجواء من التهديدات الجوية,تقليل عدد الطائرات في المطارات البلاد,إعداد خرائط طيران بديلة,منع الإبحار الجوي غير المرخص,تحسين جودة الهواء في المناطق الحضرية,A) تنظيم حركة الطيران في المناطق المدنية | B) ضمان سلامة الأجواء من التهديدات الجوية | C) تقليل عدد الطائرات في المطارات البلاد | D) إعداد خرائط طيران بديلة | E) منع الإبحار الجوي غير المرخص | F) تحسين جودة الهواء في المناطق الحضرية,,
يتعرف على خطة السيطرة على المجال الجوي,MULTICHOICE,arabic,CREATE,ar,MULTICHOICE,CREATE,5.0,0.0,Identify Airspace Coordination Plan (ACP).,يتعرف على خطة السيطرة على المجال الجوي,2,ما الذي يُعد من العوامل الأساسية في تطوير خطة السيطرة على المجال الجوي في AFADI؟,,6.0,D,1.0,عدد الطائرات العشوائية,التخطيط للعمليات البرية فقط,التفاعل مع وسائل الإعلام,التقييم المستمر للتهديدات الجوية,تقليل عدد الطيارين,تطوير المطارات الداخلية فقط,A) عدد الطائرات العشوائية | B) التخطيط للعمليات البرية فقط | C) التفاعل مع وسائل الإعلام | D) التقييم المستمر للتهديدات الجوية | E) تقليل عدد الطيارين | F) تطوير المطارات الداخلية فقط,,
يتعرف على خطة السيطرة على المجال الجوي,MULTICHOICE,arabic,CREATE,ar,MULTICHOICE,CREATE,5.0,0.0,Identify Airspace Coordination Plan (ACP).,يتعرف على خطة السيطرة على المجال الجوي,3,ما الذي يجب أن تشمله خطة السيطرة على المجال الجوي لضمان فعاليتها في منظومة AFADI؟,,6.0,B,1.0,معلومات عن الطقس فقط,تحليل شامل للمخاطر الجوية والجوية المحتملة,تطوير أنظمة ترفيهية,زيادة عدد الطائرات العسكرية,تقليل عدد القواعد الجوية,تحسين جودة المطارات المدنية,A) معلومات عن الطقس فقط | B) تحليل شامل للمخاطر الجوية والجوية المحتملة | C) تطوير أنظمة ترفيهية | D) زيادة عدد الطائرات العسكرية | E) تقليل عدد القواعد الجوية | F) تحسين جودة المطارات المدنية,,
Execute the Joint Air Estimate process,TRUE_FALSE_JUSTIFICATION,english,EVALUATE,en,TRUE_FALSE_JUSTIFICATION,EVALUATE,2.0,0.0,Execute the Joint Air Estimate process,ينفذ عملية التقدير الجوي المشترك,1,"In the context of AFADI, is the Joint Air Estimate process a critical step in assessing the threat environment before conducting air operations?","True. The Joint Air Estimate process is essential for AFADI to evaluate the threat environment, ensuring that air operations are planned and executed with full situational awareness and threat assessment.",2.0,A,1.0,True,False,,,,,A) True | B) False,,
Execute the Joint Air Estimate process,TRUE_FALSE_JUSTIFICATION,english,EVALUATE,en,TRUE_FALSE_JUSTIFICATION,EVALUATE,2.0,0.0,Execute the Joint Air Estimate process,ينفذ عملية التقدير الجوي المشترك,2,Does the Joint Air Estimate process require collaboration among multiple military units to gather and analyze air threat data?,True. The Joint Air Estimate process involves coordination and information sharing between different military units to ensure a comprehensive and accurate assessment of the air threat.,2.0,A,1.0,True,False,,,,,A) True | B) False,,
Execute the Joint Air Estimate process,TRUE_FALSE_JUSTIFICATION,english,EVALUATE,en,TRUE_FALSE_JUSTIFICATION,EVALUATE,2.0,0.0,Execute the Joint Air Estimate process,ينفذ عملية التقدير الجوي المشترك,3,Is the Joint Air Estimate process only applicable during active combat operations and not for training scenarios?,"False. The Joint Air Estimate process is applicable in both combat and training environments, as it helps AFADI maintain readiness and assess potential air threats in all operational scenarios.",2.0,B,1.0,True,False,,,,,A) True | B) False,,
Describe the table of Military Movement,TRUE_FALSE_JUSTIFICATION,english,EVALUATE,en,TRUE_FALSE_JUSTIFICATION,EVALUATE,2.0,0.0,Describe the table of Military Movement,يصف جدول التنقل العسكري,1,The table of Military Movement is a standardized format used in AFADI to document aircraft and unit movements.,"The table of Military Movement is a standardized format used in AFADI to ensure consistent and accurate documentation of aircraft and unit movements, facilitating coordination and operational planning.",2.0,A,1.0,True,False,,,,,A) True | B) False,,
Describe the table of Military Movement,TRUE_FALSE_JUSTIFICATION,english,EVALUATE,en,TRUE_FALSE_JUSTIFICATION,EVALUATE,2.0,0.0,Describe the table of Military Movement,يصف جدول التنقل العسكري,2,"The table of Military Movement includes only the movement of fixed-wing aircraft, excluding helicopters and UAVs.","The table of Military Movement includes all types of aircraft, including helicopters and UAVs, as part of comprehensive air defense operations.",2.0,B,1.0,True,False,,,,,A) True | B) False,,
Describe the table of Military Movement,TRUE_FALSE_JUSTIFICATION,english,EVALUATE,en,TRUE_FALSE_JUSTIFICATION,EVALUATE,2.0,0.0,Describe the table of Military Movement,يصف جدول التنقل العسكري,3,The table of Military Movement is only used during peacetime and not in combat scenarios.,The table of Military Movement is used in both peacetime and combat scenarios to maintain operational readiness and track air assets effectively.,2.0,B,1.0,True,False,,,,,A) True | B) False,,
يطبق التنقل العسكري,MULTI_SELECT,arabic,REMEMBER,ar,MULTI_SELECT,REMEMBER,3.0,1.0,Apply Military Movement,يطبق التنقل العسكري,1,"ما هو المقصود بـ ""التنقل العسكري"" في سياق AFADI؟",,4.0,B,1.0,نقل القوات البرية فقط,تحريك القوات الجوية من مكان إلى آخر بسرعة,نقل المعدات البرية فقط,تحريك القوات البحرية من مكان لآخر,,,A) نقل القوات البرية فقط | B) تحريك القوات الجوية من مكان إلى آخر بسرعة | C) نقل المعدات البرية فقط | D) تحريك القوات البحرية من مكان لآخر,,
يطبق التنقل العسكري,MULTI_SELECT,arabic,REMEMBER,ar,MULTI_SELECT,REMEMBER,3.0,1.0,Apply Military Movement,يطبق التنقل العسكري,2,"ما هو الهدف الأساسي من ""التنقل العسكري"" في منظومة AFADI؟",,4.0,C,1.0,تقليل عدد الطائرات,الحفاظ على المعدات في مكان واحد,توجيه القوات بسرعة إلى مناطق العمليات,تقليل عدد الجنود,,,A) تقليل عدد الطائرات | B) الحفاظ على المعدات في مكان واحد | C) توجيه القوات بسرعة إلى مناطق العمليات | D) تقليل عدد الجنود,,
يطبق التنقل العسكري,MULTI_SELECT,arabic,REMEMBER,ar,MULTI_SELECT,REMEMBER,3.0,1.0,Apply Military Movement,يطبق التنقل العسكري,3,"أي من العوامل التالية تُعتبر من عوامل تحسين ""التنقل العسكري"" في AFADI؟",,4.0,B,1.0,التأخير في نقل المعدات,التخطيط المسبق لتحركات القوات,تقليل عدد الطائرات,تأخير عمليات التحشيد,,,A) التأخير في نقل المعدات | B) التخطيط المسبق لتحركات القوات | C) تقليل عدد الطائرات | D) تأخير عمليات التحشيد,,
يصف اجراءات حساب قدرات التدمير لأنظمة لدفاع الجوي والصاروخي,MULTI_SELECT,arabic,CREATE,ar,MULTI_SELECT,CREATE,4.0,2.0,Describe AMD systems calculations of destructions procedures,يصف اجراءات حساب قدرات التدمير لأنظمة لدفاع الجوي والصاروخي,1,ما هي الإجراءات الأساسية التي يجب اتخاذها لحساب قدرات التدمير لأنظمة الدفاع الجوي والصاروخي ضمن منهجية التقييم العسكري؟,,6.0,"[A, C, E]",3.0,تحديد نوع الأهداف المُحتملة,استخدام أسلحة غير متوافقة مع البيئة,تحليل مسارات الطائرات والصواريخ,تقليل عدد المدافع الميدانية,تقييم كفاءة أنظمة الإنذار المبكر,تجاهل العوامل الجوية والبيئية,A) تحديد نوع الأهداف المُحتملة | B) استخدام أسلحة غير متوافقة مع البيئة | C) تحليل مسارات الطائرات والصواريخ | D) تقليل عدد المدافع الميدانية | E) تقييم كفاءة أنظمة الإنذار المبكر | F) تجاهل العوامل الجوية والبيئية,,
يصف اجراءات حساب قدرات التدمير لأنظمة لدفاع الجوي والصاروخي,MULTI_SELECT,arabic,CREATE,ar,MULTI_SELECT,CREATE,4.0,2.0,Describe AMD systems calculations of destructions procedures,يصف اجراءات حساب قدرات التدمير لأنظمة لدفاع الجوي والصاروخي,2,ما هي العوامل التي يجب مراعاتها عند حساب قدرات التدمير لأنظمة الدفاع الجوي والصاروخي ضمن منهجية العمل في AFADI؟,,6.0,"[B, D]",2.0,نوع الأسلحة المستخدمة فقط,سرعة الأهداف ومسارها,درجة حرارة الهواء فقط,قدرات التوجيه والتنسيق بين الأنظمة,عدد المقاتلات العابرة للحدود فقط,كفاءة الطواقم فقط,A) نوع الأسلحة المستخدمة فقط | B) سرعة الأهداف ومسارها | C) درجة حرارة الهواء فقط | D) قدرات التوجيه والتنسيق بين الأنظمة | E) عدد المقاتلات العابرة للحدود فقط | F) كفاءة الطواقم فقط,,
يصف اجراءات حساب قدرات التدمير لأنظمة لدفاع الجوي والصاروخي,MULTI_SELECT,arabic,CREATE,ar,MULTI_SELECT,CREATE,4.0,2.0,Describe AMD systems calculations of destructions procedures,يصف اجراءات حساب قدرات التدمير لأنظمة لدفاع الجوي والصاروخي,3,ما هي الإجراءات التي تُعتبر ضرورية لحساب قدرات التدمير لأنظمة الدفاع الجوي والصاروخي وفقًا لتعليمات AFADI؟,,6.0,"[A, C, E]",3.0,تحليل الظروف الجوية والبيئية,تجاهل مسارات الأهداف,تقييم قدرات التوجيه والتنسيق بين الوحدات,استخدام أنظمة دفاعية غير متناسقة,تحديد الأهداف المحتملة وتحليلها,تقليل عدد المدافع والصواريخ,A) تحليل الظروف الجوية والبيئية | B) تجاهل مسارات الأهداف | C) تقييم قدرات التوجيه والتنسيق بين الوحدات | D) استخدام أنظمة دفاعية غير متناسقة | E) تحديد الأهداف المحتملة وتحليلها | F) تقليل عدد المدافع والصواريخ,,
يشرح صيغ حساب قدرات التدمير لأنظمة الدفاع الجوي والصاروخي,MULTI_SELECT,arabic,APPLY,ar,MULTI_SELECT,APPLY,2.0,1.0,Explain AMD systems calculations of destructions formulas,يشرح صيغ حساب قدرات التدمير لأنظمة الدفاع الجوي والصاروخي,1,في سياق أنظمة الدفاع الجوي، ما هي المعادلة الأساسية المستخدمة لحساب قدرة التدمير لصاروخ دفاعي؟,,4.0,C,1.0,قدرة التدميم = المسافة × الكثافة,قدرة التدمير = كمية الدخيلة × المسافة,قدرة التدمير = كمية الدخيلة × كثافة الانفجار,قدرة التدمير = كثافة الانفجار × المسافة,,,A) قدرة التدميم = المسافة × الكثافة | B) قدرة التدمير = كمية الدخيلة × المسافة | C) قدرة التدمير = كمية الدخيلة × كثافة الانفجار | D) قدرة التدمير = كثافة الانفجار × المسافة,,
يشرح صيغ حساب قدرات التدمير لأنظمة الدفاع الجوي والصاروخي,MULTI_SELECT,arabic,APPLY,ar,MULTI_SELECT,APPLY,2.0,1.0,Explain AMD systems calculations of destructions formulas,يشرح صيغ حساب قدرات التدمير لأنظمة الدفاع الجوي والصاروخي,2,ما هو العامل الأهم في تقييم قدرة التدمير لمنظومة دفاع جوي؟,,4.0,B,1.0,عدد الصواريخ المتوفرة,كمية الدخيلة في القذيفة,سرعة الطائرة المستهدفة,مدى التوجيه الإلكتروني,,,A) عدد الصواريخ المتوفرة | B) كمية الدخيلة في القذيفة | C) سرعة الطائرة المستهدفة | D) مدى التوجيه الإلكتروني,,
يشرح صيغ حساب قدرات التدمير لأنظمة الدفاع الجوي والصاروخي,MULTI_SELECT,arabic,APPLY,ar,MULTI_SELECT,APPLY,2.0,1.0,Explain AMD systems calculations of destructions formulas,يشرح صيغ حساب قدرات التدمير لأنظمة الدفاع الجوي والصاروخي,3,في سياق تقييم أنظمة الدفاع الجوي، ما الذي يُعتبر من العوامل التي تُستخدم لحساب قدرة التدمير؟,,4.0,B,1.0,كثافة الهواء,كثافة الانفجار,درجة الحرارة الجوية,نوع الوقود المستخدم,,,A) كثافة الهواء | B) كثافة الانفجار | C) درجة الحرارة الجوية | D) نوع الوقود المستخدم,,
يطبق حسابات التدمير لأنظمة الدفاع الجوي والصاروخي,MULTI_SELECT,arabic,REMEMBER,ar,MULTI_SELECT,REMEMBER,5.0,2.0,Apply AMD systems calculations of destructions,يطبق حسابات التدمير لأنظمة الدفاع الجوي والصاروخي,1,ما هي الطريقة الأساسية لحسابات التدمير لأنظمة الدفاع الجوي؟,,6.0,"[C, G]",2.0,تحديد عدد الطائرات فقط,تحديد كثافة الهجمات,تقدير نسبة التدمير المحتملة,حساب عدد الصواريخ المتوفرة,تحديد المسافة بين المواقع,تقييم جودة الطيران,A) تحديد عدد الطائرات فقط | B) تحديد كثافة الهجمات | C) تقدير نسبة التدمير المحتملة | D) حساب عدد الصواريخ المتوفرة | E) تحديد المسافة بين المواقع | F) تقييم جودة الطيران,,
يطبق حسابات التدمير لأنظمة الدفاع الجوي والصاروخي,MULTI_SELECT,arabic,REMEMBER,ar,MULTI_SELECT,REMEMBER,5.0,2.0,Apply AMD systems calculations of destructions,يطبق حسابات التدمير لأنظمة الدفاع الجوي والصاروخي,2,ما هي العوامل الأساسية التي تُعتبر في حسابات التدمير لأنظمة الصواريخ؟,,6.0,"[B, E]",2.0,عدد الطائرات المنخفضة,كثافة الهجمات,كثافة التغطية الجوية,عدد الطاقم فقط,مدى الصواريخ,درجة الحرارة الجوية,A) عدد الطائرات المنخفضة | B) كثافة الهجمات | C) كثافة التغطية الجوية | D) عدد الطاقم فقط | E) مدى الصواريخ | F) درجة الحرارة الجوية,,
يطبق حسابات التدمير لأنظمة الدفاع الجوي والصاروخي,MULTI_SELECT,arabic,REMEMBER,ar,MULTI_SELECT,REMEMBER,5.0,2.0,Apply AMD systems calculations of destructions,يطبق حسابات التدمير لأنظمة الدفاع الجوي والصاروخي,3,ما هو الهدف من حسابات التدمير في أنظمة الدفاع الجوي؟,,6.0,"[B, D]",2.0,تقليل عدد الطائرات,تقييم كفاءة الدفاع,زيادة عدد الصواريخ,فرض تكاليف باهظة على العدو,تحديد مواقع الطيران,تقليل عدد الطواقم,A) تقليل عدد الطائرات | B) تقييم كفاءة الدفاع | C) زيادة عدد الصواريخ | D) فرض تكاليف باهظة على العدو | E) تحديد مواقع الطيران | F) تقليل عدد الطواقم,,
